<?xml version="1.0" encoding="UTF-8" standalone="yes"?>
<addon id="repository.mike" name="Mike's XBMC Addons" version="1.0.0" provider-name="Mike">
  <extension point="xbmc.addon.repository" name="Mike's XBMC Addon Repository">
    <info compressed="false">https://github.com/MikeSmith88/mikes-xbmc-repo/raw/master/addons.xml</info>
    <checksum>https://github.com/MikeSmith88/mikes-xbmc-repo/raw/master/addons.xml.md5</checksum>
    <datadir zip="true">https://github.com/MikeSmith88/mikes-xbmc-repo/raw/master/repo/</datadir>
  </extension>
  <extension point="xbmc.addon.metadata">
    <summary>Install Mike's Addons</summary>
    <description>Download and install addons by Mike</description>
    <platform>all</platform>
  </extension>
</addon>
